IR,PI,DD,TanDelta_20,TanDelta_100,Cap_TipUp
0.94,5.46,1.61,3.114,2.291,0.32
33.20,7.05,0.35,0.588,0.788,0.24
26.00,3.20,1.00,1.280,1.560,0.10
0.98,1.76,3.61,1.536,1.581,-0.05
4.27,3.74,3.64,3.009,3.070,-0.05
4.66,4.19,2.05,1.370,1.300,-0.17
1.34,2.30,4.61,4.250,4.320,-0.03
7.65,4.75,1.40,1.900,1.980,-0.63
3.49,3.46,3.49,4.355,2.521,24.24
3.53,2.83,2.18,3.553,2.206,18.16
1.40,2.84,6.50,3.320,3.340,0.05
0.42,1.17,3.54,4.170,4.230,-0.04
1.63,1.19,0.74,1.424,1.710,0.44
18.41,3.78,0.36,1.141,1.384,0.31
4.38,5.12,2.12,2.270,2.280,-0.05
2.55,2.93,3.80,1.135,1.527,0.52
3.60,3.02,2.32,1.725,2.007,0.13
16.63,3.27,0.87,1.225,1.318,0.11
29.80,4.49,0.78,1.430,1.610,0.78
5.99,2.86,2.00,2.020,2.160,0.77
10.80,2.28,0.86,1.263,1.679,0.90
25.20,2.34,0.34,1.059,1.351,0.53
29.40,3.00,0.32,0.922,1.217,0.39
1.56,1.19,1.52,1.240,1.620,0.58
0.52,0.81,2.11,1.440,1.840,0.88
9.50,1.76,0.62,0.965,1.330,0.45
25.60,8.34,0.77,3.610,6.160,3.36
3.30,2.03,2.34,3.080,3.260,0.45
23.10,3.67,0.70,3.358,3.705,1.07
28.90,7.06,0.55,2.510,2.730,0.45
9.68,2.89,1.14,2.029,2.183,0.23
14.00,3.32,0.87,2.820,3.050,0.27
6.46,4.36,1.23,3.396,3.593,0.31
26.00,4.37,2.99,1.332,1.345,-0.23
49.50,1.17,1.92,1.636,1.764,-0.05
32.30,5.93,0.49,1.190,1.380,0.02
30.10,4.65,0.59,3.393,5.971,3.97
51.00,4.34,0.29,0.814,2.841,2.54
9.18,3.69,1.49,2.023,3.593,1.98
10.50,4.40,1.12,3.970,4.310,3.50
7.30,2.94,1.22,4.359,3.419,3.54
5.26,3.21,1.62,4.280,4.337,2.49
0.01,2.65,7.40,3.316,4.845,2.24
10.80,3.36,1.15,2.520,2.770,0.57
37.50,5.26,0.20,0.655,1.018,0.53
30.50,3.77,0.27,1.032,1.449,0.61
5.52,1.64,0.81,5.662,5.474,1.85
16.80,2.87,0.53,4.907,4.824,1.21
32.10,5.87,0.34,4.880,4.800,1.35
5.16,1.87,1.08,2.140,2.040,0.51
22.30,5.62,0.53,1.755,1.815,0.34
0.72,1.69,0.72,1.880,1.940,-0.06
5.86,1.75,1.05,4.314,6.373,3.15
7.63,2.74,1.80,4.335,6.475,3.30
29.70,7.46,0.62,3.602,5.851,3.29
12.00,1.58,0.80,3.632,5.875,2.97
22.70,5.42,1.04,3.586,5.759,2.99
11.96,3.07,1.00,3.903,5.619,2.60
3.32,2.97,1.49,3.040,3.140,0.69
5.97,1.58,1.13,5.300,7.020,3.21
19.30,2.53,0.79,-3.070,2.910,-7.01
10.70,4.43,1.45,-1.150,3.870,-1.28
13.10,5.91,1.31,1.449,3.897,3.01
7.07,2.52,0.96,5.810,3.050,0.37
11.80,2.59,0.65,0.999,1.858,1.11
11.80,2.59,0.65,0.990,1.850,1.11
11.10,3.15,0.49,0.883,1.641,0.93
11.10,3.15,0.49,0.883,1.641,0.93
1.54,2.95,1.18,1.828,1.947,0.25
8.78,1.60,0.86,4.457,5.869,4.62
0.89,1.19,1.39,7.721,7.226,3.34
7.90,3.46,1.86,3.971,4.144,2.39
1.07,1.30,2.07,3.209,3.875,2.58
12.80,5.37,1.72,3.820,3.434,2.14
7.68,2.43,1.55,5.936,8.390,6.77
4.77,1.92,1.65,3.401,6.019,5.70
19.47,4.98,0.88,1.110,1.310,0.38
9.97,3.41,1.37,1.892,1.696,0.35
22.40,3.33,0.64,0.922,1.289,0.44
9.23,3.41,1.54,1.539,1.767,0.32
9.98,2.54,0.56,1.701,2.014,0.15
4.42,2.92,0.91,1.430,1.587,0.18
12.09,3.73,1.11,1.560,1.790,0.40
18.10,3.95,0.70,1.580,2.470,0.38
15.00,3.58,0.53,0.592,0.703,0.13
6.13,2.19,0.39,0.744,0.853,0.12
5.05,2.22,1.58,6.390,10.800,6.45
28.70,7.39,0.88,2.916,5.375,2.87
0.72,1.84,4.90,8.481,9.240,1.52
0.81,1.84,5.91,8.500,9.360,2.51
28.10,6.85,0.75,4.595,6.622,3.42
9.47,2.23,1.05,1.071,2.070,1.26
9.35,2.40,0.98,0.969,1.970,1.25
1.15,1.47,1.53,0.644,3.579,3.43
13.60,7.20,0.58,4.887,4.339,2.02
2.71,1.29,1.46,4.495,4.444,1.88
13.60,7.20,0.58,4.887,4.339,2.02
7.19,5.90,1.19,4.469,4.211,0.01
6.28,2.52,1.02,5.212,4.656,1.32
2.75,1.82,2.22,4.757,4.635,1.15
0.08,1.33,2.63,2.595,2.752,0.48
1.33,1.81,1.68,1.678,1.880,0.22
16.06,4.85,0.53,5.250,5.010,1.83
8.36,1.45,0.46,2.560,2.692,0.78
19.68,5.38,0.45,2.320,2.440,0.56
0.79,1.18,0.57,11.754,11.410,6.16
8.09,1.24,0.31,0.822,1.178,0.44
12.69,1.97,0.52,10.762,8.875,4.65
18.70,4.14,0.60,10.993,8.993,4.61
1.54,1.57,1.56,8.542,6.758,3.03
26.50,6.41,0.46,7.278,5.957,2.15
8.19,1.74,0.64,7.300,6.280,1.80
10.20,1.87,0.48,7.481,6.178,4.16
0.05,1.30,1.05,7.103,6.789,3.53
25.00,5.80,0.45,9.716,8.527,5.42
3.22,1.52,0.94,8.699,7.148,2.44
8.65,5.95,0.58,5.561,5.351,2.31
4.88,2.52,1.40,2.940,3.090,0.84
20.40,3.66,0.36,4.988,4.814,2.40
1.65,2.30,0.64,7.889,7.533,4.07
4.92,2.75,1.81,12.378,11.797,7.83
0.25,1.22,9.43,2.250,2.810,1.33
2.62,1.49,1.50,1.814,3.767,1.07
7.80,3.59,0.67,1.456,2.318,1.81
5.10,2.09,3.20,1.498,2.238,1.31
0.21,1.03,3.88,1.990,2.490,0.95
20.90,3.20,0.26,1.180,1.351,0.20
13.00,6.50,0.54,2.857,2.900,0.77
10.70,6.59,0.66,2.746,2.908,0.55
14.40,6.34,0.50,2.251,2.432,0.52
6.70,2.26,1.24,0.824,1.012,0.23
22.80,2.34,0.35,0.627,0.852,0.29
13.80,2.15,0.42,0.631,0.770,0.20
10.20,2.26,0.58,0.631,0.770,0.20
8.54,2.56,1.22,1.106,1.325,0.28
28.70,3.62,0.36,0.673,0.889,0.25
19.80,2.34,0.37,0.669,0.848,0.24
26.80,1.93,0.36,0.921,1.245,0.41
9.21,1.52,0.47,0.833,1.147,0.43
20.00,2.13,0.36,0.644,0.953,0.43
20.90,5.40,0.66,6.033,5.587,2.18
16.80,5.09,0.46,4.609,4.301,1.92
8.50,2.49,0.76,5.760,5.491,1.87
11.10,2.11,0.81,5.672,5.311,2.17
5.51,3.59,1.27,6.783,6.431,1.80
13.10,5.68,0.61,5.749,6.486,2.71
18.20,5.90,0.40,5.838,6.419,2.92
21.90,8.42,0.59,4.395,6.475,3.11
25.30,3.71,0.68,5.374,7.719,4.70
29.01,6.11,0.81,4.700,5.830,3.31
12.70,4.87,1.36,6.232,7.682,3.22
29.50,4.13,0.72,4.322,5.263,2.84
29.50,4.13,0.72,4.323,5.264,2.84
7.11,5.02,1.60,1.316,3.366,2.82
22.40,2.40,0.56,0.874,1.120,0.37
5.32,1.36,1.52,1.221,1.509,0.12
41.20,3.52,0.36,0.665,1.006,0.38
7.75,2.31,1.48,3.450,3.910,1.65
31.30,6.72,0.84,3.101,6.360,4.28
21.20,3.71,0.84,3.400,5.720,2.95
9.33,3.78,1.23,4.420,7.270,3.45
36.60,6.69,0.64,5.368,7.071,3.56
31.90,6.02,0.68,5.320,7.304,3.78
39.60,5.78,0.52,5.304,6.503,3.25
8.41,6.50,1.02,2.338,2.683,0.38
9.58,5.45,0.90,2.073,2.285,0.25
6.34,4.15,1.09,1.941,2.670,0.94
4.66,3.49,2.43,1.970,2.090,0.15
1.80,2.15,3.80,2.408,2.775,1.66
12.90,6.42,0.78,2.527,3.476,4.96
5.43,2.71,1.45,2.950,4.558,4.61
1.42,1.79,2.88,2.936,3.466,3.07
1.09,1.77,2.38,1.518,2.831,2.94
14.70,2.80,0.66,1.410,2.800,4.56
0.42,2.17,3.95,3.100,3.008,1.47
11.80,3.65,0.74,1.382,1.719,1.03
7.12,2.66,1.74,1.310,1.430,0.14
2.89,1.17,0.43,1.230,1.329,0.09
4.42,3.01,2.74,1.633,1.913,0.54
6.32,1.26,0.71,1.092,1.237,0.52
10.30,4.03,1.48,1.210,1.280,0.18
2.06,1.38,0.63,1.597,1.783,0.28
17.50,6.35,0.57,1.689,1.956,2.14
7.90,3.29,0.92,2.538,2.774,0.99
12.00,2.42,0.50,3.069,3.220,1.25
13.30,3.50,0.64,2.175,2.391,1.27
25.40,6.15,0.44,1.680,1.780,0.10
7.96,3.52,0.61,1.178,1.754,0.79
3.99,3.46,2.78,2.840,2.900,-0.10
5.15,3.42,2.37,1.920,2.079,0.01
7.29,3.01,1.58,3.623,3.746,-0.01
4.49,2.09,0.67,0.619,0.652,0.05
15.10,3.91,0.43,12.045,10.528,6.88
16.70,4.05,0.41,5.299,4.629,1.51
18.50,6.13,0.42,6.679,5.999,1.78
6.67,4.66,0.62,1.310,1.385,0.12
4.54,2.05,0.75,0.681,0.716,0.04
4.89,2.17,0.53,0.832,0.912,0.13
17.10,3.38,0.56,3.683,6.601,3.85
24.20,5.83,0.52,3.992,6.427,3.39
16.20,2.64,0.58,4.300,6.650,1.34
26.40,3.13,0.47,0.515,0.625,0.14
15.68,5.11,0.77,0.733,0.827,0.11
16.60,7.05,0.46,1.563,1.609,0.26
11.60,4.44,0.70,3.678,4.040,0.98
11.30,5.10,0.65,1.693,1.826,0.27
11.30,4.21,0.65,1.610,1.726,0.12
2.22,5.00,7.29,4.364,4.338,-0.14
15.30,5.69,0.54,1.452,1.527,-0.05
3.72,3.13,1.13,1.365,1.690,0.55
28.90,7.22,0.55,4.180,6.500,4.55
14.60,5.85,1.02,5.890,8.530,5.10
20.40,5.17,0.77,1.076,2.369,1.52
11.80,2.37,1.30,2.153,2.209,-0.04
6.18,2.52,0.89,1.003,1.101,0.12
8.01,2.21,1.16,1.099,1.820,0.75
40.50,3.69,0.41,0.609,0.940,0.35
0.55,2.41,6.96,7.225,8.439,6.50
2.23,3.31,5.50,4.940,6.967,5.93
0.98,2.40,7.44,5.582,7.094,5.53
7.49,1.79,0.83,2.549,5.629,7.76
16.10,3.08,0.88,1.545,1.792,0.36
8.71,2.33,1.10,1.191,1.645,0.76
31.90,3.87,0.38,1.058,1.835,2.37
6.54,2.25,1.31,2.915,2.134,1.02
3.85,2.50,3.48,2.963,2.755,0.96
25.40,7.41,0.54,1.060,1.050,0.15
22.50,4.44,0.59,1.950,2.146,0.63
11.70,2.56,0.78,1.787,2.077,0.58
4.13,2.09,0.96,1.153,1.422,0.35
62.70,2.63,0.33,0.712,0.870,0.19
6.42,4.98,1.55,2.092,2.212,0.17
14.50,4.42,0.80,0.760,0.963,0.20
7.76,3.65,1.18,1.978,2.091,0.16
12.14,5.39,0.67,0.679,0.794,0.17
21.50,3.48,0.29,0.505,0.627,0.14
6.99,3.87,1.47,1.966,2.183,0.26
7.96,1.67,1.33,3.500,5.910,3.37
6.96,1.97,1.44,3.689,6.069,3.35
8.68,2.89,1.95,3.637,6.200,3.50
13.75,5.45,1.04,6.403,8.020,3.41
31.00,6.24,0.63,4.761,6.775,4.09
11.90,6.40,1.12,7.203,8.740,3.39
25.50,4.52,0.55,4.764,6.740,3.51
6.75,3.64,1.47,7.520,9.090,3.34
13.09,5.52,1.06,6.166,7.899,3.50
0.32,1.46,5.36,4.621,5.772,1.44
45.00,6.75,0.60,2.172,4.415,2.23
19.50,2.80,0.99,5.037,5.092,2.59
17.70,2.26,0.53,0.932,1.819,0.94
11.40,2.41,0.40,1.348,1.404,0.07
18.20,2.84,0.30,0.889,0.927,0.02
42.80,3.15,0.24,0.669,0.690,0.03
29.20,5.21,0.24,0.693,0.720,0.03
21.90,4.98,0.29,0.987,1.038,0.04
19.30,5.40,0.35,1.083,1.115,0.04
13.54,3.28,0.78,1.276,1.569,0.30
1.85,2.41,3.89,3.278,3.718,0.56
4.18,3.42,2.82,1.433,1.529,0.08
25.90,6.49,0.50,0.627,0.784,0.15
14.70,4.59,0.79,0.720,0.830,0.14
31.80,8.74,0.51,0.771,1.362,0.60
9.35,3.75,1.25,1.016,1.330,0.32
23.50,5.42,1.69,0.791,0.817,-0.08
0.96,2.81,6.31,3.269,3.419,0.21
12.30,2.60,0.70,1.414,1.809,0.47
15.41,6.79,0.83,1.132,1.313,0.18
8.83,3.95,1.17,1.207,1.488,0.25
14.76,3.94,0.91,0.787,0.866,0.10
12.46,4.81,0.93,1.327,1.429,0.14
9.22,2.48,1.08,1.250,1.372,0.14
15.60,5.18,0.75,1.023,1.219,0.26
45.60,3.29,0.77,0.975,1.131,0.21
11.20,2.98,1.41,1.639,1.980,0.40
14.41,3.55,0.72,0.819,1.030,0.26
10.69,5.38,1.01,0.988,1.175,0.25
13.20,4.38,0.86,1.479,1.605,0.17
20.90,5.66,0.62,0.632,0.742,0.13
4.66,2.69,1.11,0.775,0.878,0.12
4.03,3.68,2.59,2.346,2.556,0.33
12.00,3.55,0.86,0.984,1.197,0.24
10.77,3.75,1.01,1.392,1.606,0.26
14.72,6.63,0.82,1.150,1.270,0.12
7.61,3.17,1.46,2.097,2.249,0.16
8.90,3.33,0.96,1.155,1.318,0.20
4.68,2.48,0.80,1.075,1.170,0.13
12.40,4.14,0.82,0.987,1.162,0.22
2.38,9.23,4.77,1.380,1.580,0.28
8.48,4.04,0.96,0.993,1.163,0.18
13.40,5.08,1.00,1.149,1.306,4.69
4.26,4.60,2.97,1.831,1.992,0.27
13.90,4.35,0.86,0.923,1.113,0.24
3.98,2.15,1.59,2.040,2.080,1.02
30.00,4.10,1.34,1.524,2.013,1.10
30.70,2.44,0.26,1.155,1.391,0.35
8.14,2.07,0.81,2.311,2.502,0.22
2.66,17.10,3.69,0.790,0.913,0.14
11.20,8.88,0.53,3.404,3.409,1.19
24.10,4.92,0.48,1.410,2.110,0.55
8.90,2.78,0.97,0.790,0.913,0.14
2.20,6.59,5.70,3.580,3.650,-0.05
25.10,5.57,0.50,0.635,0.910,0.26
27.40,4.37,0.48,0.581,0.674,0.10
1.48,3.54,9.40,12.233,11.588,0.17
1.85,4.56,8.46,7.969,7.627,0.00
6.27,1.65,1.16,0.915,1.079,0.19
7.92,3.01,1.53,1.582,1.752,0.19
1.16,2.30,5.22,3.242,3.294,-0.03
22.60,5.73,0.54,3.900,6.195,2.97
26.20,1.96,0.38,0.627,0.811,0.22
45.60,2.49,0.24,0.625,0.759,0.18
2.12,4.33,4.22,3.270,3.350,0.04
5.00,2.86,3.12,1.453,1.489,-0.04
11.90,4.34,1.04,0.827,0.859,-0.02
11.00,3.91,0.86,1.177,1.816,0.80
3.87,2.14,1.60,0.989,1.325,0.04
39.00,4.15,0.45,5.632,6.221,3.71
48.20,5.29,0.37,5.460,5.870,3.16
24.00,2.06,0.68,1.207,1.342,0.31
54.00,3.60,0.32,1.106,1.277,0.29
0.51,1.28,5.43,11.027,21.701,23.47
3.78,3.32,2.72,10.023,21.022,23.62
6.80,6.49,2.72,7.919,20.538,27.00
41.30,5.41,0.34,0.711,0.898,0.20
18.28,2.96,0.87,1.649,1.776,0.51
1.00,4.66,0.41,1.422,1.604,0.42
17.90,3.92,0.87,1.321,1.266,0.26
41.40,5.45,0.48,1.104,1.282,0.33
19.70,2.76,0.72,1.550,1.722,0.42
39.80,2.76,0.34,1.260,1.511,0.39
26.20,9.25,0.41,1.040,1.140,0.13
9.37,5.49,0.68,4.892,4.664,1.57
8.46,6.54,0.83,4.511,4.421,2.06
25.90,2.55,0.21,0.620,1.110,0.87
4.13,1.90,0.91,4.410,4.254,0.77
6.54,2.51,0.71,4.618,4.208,0.77
2.07,2.28,2.14,1.083,1.187,0.12
3.19,2.64,1.36,2.126,2.231,0.12
8.62,2.60,1.32,5.750,7.520,9.40
2.75,4.31,3.88,1.874,2.261,0.54
13.30,2.09,0.69,1.147,1.505,0.56
1.44,4.03,6.87,8.388,8.624,8.38
20.50,3.35,0.97,6.745,7.012,4.08
3.68,2.52,2.31,6.420,8.250,7.62
20.80,4.94,0.46,0.771,0.788,0.04
19.80,2.16,0.35,0.558,0.576,0.00
6.48,1.93,0.62,0.753,0.784,0.04
26.30,129.00,0.41,1.597,1.705,0.01
44.00,5.64,0.31,1.813,1.924,0.10
5.53,2.30,1.35,3.280,3.510,0.24
12.10,8.35,1.19,3.117,4.511,2.45
4.82,2.63,1.71,1.823,2.195,0.92
8.22,5.84,2.45,2.686,2.738,0.07
16.55,3.05,1.30,1.666,1.860,0.11
43.70,7.34,1.05,1.226,1.279,0.06
15.90,3.22,0.52,1.630,1.850,0.55
11.70,4.45,0.83,1.214,1.302,0.35
2.49,1.45,3.30,1.937,1.990,-0.21
14.40,3.39,0.64,1.330,1.454,0.60
7.16,5.05,3.79,3.556,3.932,0.21
0.49,0.94,7.90,3.633,3.767,0.12
8.19,4.55,8.25,3.929,4.087,0.11
3.41,3.65,6.32,7.033,7.522,0.46
5.28,3.30,13.40,5.020,5.400,0.24
5.90,4.27,4.32,4.413,4.861,0.46
4.33,3.05,8.07,6.329,6.432,0.11
8.03,5.72,6.26,4.839,4.905,0.08
8.03,5.72,6.26,4.839,4.905,0.08
3.64,1.29,2.74,2.064,2.129,0.05
4.50,2.53,4.13,4.035,4.107,0.00
5.22,1.02,0.37,0.796,0.920,0.14
5.86,2.56,1.28,1.935,2.127,0.18
13.40,5.05,0.55,3.491,3.322,0.93
13.00,4.04,0.53,2.310,2.697,1.03
14.00,4.42,0.49,2.928,3.035,1.12
25.90,5.51,0.32,5.880,4.840,2.05
25.20,4.96,0.30,8.268,6.427,4.76
8.58,2.49,0.58,8.651,6.513,3.44
25.20,4.96,0.30,8.268,6.426,4.76
3.81,2.87,1.79,6.575,5.577,4.59
23.00,5.03,0.43,5.963,5.245,4.11
1.11,1.23,0.54,7.334,7.295,1.47
1.11,1.23,0.54,7.334,7.295,1.47
14.75,4.72,0.60,10.962,9.981,9.63
6.82,2.07,0.83,11.701,9.693,7.45
14.20,4.30,0.64,11.860,9.546,5.50
6.82,2.07,0.83,11.700,9.690,7.45
7.36,3.47,0.71,8.258,7.270,3.47
9.57,4.03,0.56,8.550,7.760,4.37
16.93,1.92,1.13,1.175,1.248,-0.01
3.74,2.10,1.88,4.240,5.540,1.89
8.27,5.63,2.23,4.623,5.113,1.16
9.81,6.60,1.44,3.776,4.110,0.89
12.50,6.95,1.27,3.707,4.025,0.92
15.80,4.17,0.60,1.203,2.283,1.19
17.20,4.92,0.76,0.975,2.068,1.41
12.50,5.47,0.67,1.233,1.606,0.48
5.64,1.43,0.29,0.487,0.650,0.20
0.65,2.87,1.42,1.259,1.380,0.15
12.20,2.22,0.26,0.417,0.571,0.19
11.48,4.44,1.03,4.033,1.930,0.44
10.20,3.52,1.23,4.913,2.028,0.28
3.65,1.56,0.86,1.522,1.734,0.27
9.06,1.68,0.45,0.746,0.916,0.46
11.18,2.22,0.59,1.252,1.453,0.25
34.40,4.71,0.34,0.602,0.634,0.05
7.53,3.31,0.51,0.690,0.963,0.28
15.60,6.75,0.63,1.107,1.411,0.38
29.30,7.00,0.44,0.794,0.944,0.18
8.21,4.10,1.21,1.776,2.109,0.33
17.10,5.46,0.66,0.733,0.910,0.21
16.15,5.21,0.63,0.926,1.001,0.18
5.77,3.14,1.53,0.805,1.018,0.23
14.00,2.57,0.38,1.380,1.936,0.67
14.90,4.61,0.47,0.710,1.120,0.65
8.74,4.97,0.47,2.520,2.422,0.46
18.40,5.08,0.56,0.793,1.086,0.34
22.10,2.80,0.66,5.069,6.059,2.19
7.87,2.44,0.78,1.417,2.088,0.83
21.90,4.80,1.10,4.930,5.950,2.25
24.30,5.43,0.66,4.316,5.407,2.95
4.25,1.67,1.29,6.530,7.510,2.50
7.56,3.11,1.02,7.400,8.500,2.81
4.25,1.67,1.29,6.530,7.510,2.51
14.57,3.05,0.77,5.383,6.800,4.36
6.24,2.74,2.26,5.692,7.934,4.19
22.30,3.02,0.80,5.183,6.001,2.55
3.35,3.22,1.13,9.080,9.800,3.50
4.02,3.09,2.73,1.685,2.466,1.15
13.42,4.95,0.64,1.051,1.147,0.10
7.05,2.99,2.34,2.440,2.740,0.27
2.31,3.36,2.83,3.097,3.469,0.32
23.90,3.55,0.54,0.973,1.095,0.16
22.20,4.16,0.58,0.931,1.202,0.43
8.19,2.51,1.16,2.057,3.565,2.25
5.91,2.09,0.78,1.150,1.244,0.13
5.10,2.56,0.96,1.203,1.302,0.05
11.00,3.40,0.79,1.117,1.158,0.09
5.20,2.81,0.86,1.756,1.393,0.15
11.60,6.04,0.87,1.140,1.264,0.12
16.77,5.27,0.76,0.868,1.068,0.22
12.40,2.32,0.47,1.080,1.229,0.17
12.32,4.28,0.72,1.625,1.757,0.20
9.77,2.23,0.81,0.655,0.678,0.05
26.60,2.37,0.19,0.567,0.586,0.03
36.80,4.31,0.31,0.539,0.556,0.04
40.80,1.28,0.22,0.552,0.575,0.05
6.34,1.54,0.27,0.563,0.593,0.04
38.00,3.85,0.29,0.532,0.549,0.03
7.18,2.37,0.63,7.691,6.441,3.70
15.20,4.68,0.56,9.046,7.878,6.22
18.60,6.64,0.34,7.230,5.950,3.84
9.67,5.41,0.58,6.750,5.668,4.66
16.50,5.21,0.38,5.736,4.622,1.69
20.10,5.19,0.33,5.314,4.313,2.02
17.00,3.02,0.61,1.020,1.170,0.16
2.54,2.47,3.40,1.353,1.646,0.44
16.00,2.92,0.34,0.681,0.881,0.25
25.20,2.80,0.31,0.590,1.592,1.08
17.28,1.84,0.29,0.733,2.772,2.71
25.60,4.26,0.45,0.847,2.577,2.30
9.45,1.58,0.40,0.824,2.123,1.47
25.60,4.26,0.45,0.847,2.577,2.30
5.69,1.48,0.41,0.927,1.784,0.86
12.20,1.37,0.25,0.530,1.670,1.23
51.80,4.36,0.21,0.497,1.696,1.37
12.20,1.37,0.25,0.533,1.673,1.23
33.80,1.20,0.34,0.598,1.406,0.87
8.62,3.48,1.15,0.838,1.208,0.38
12.65,3.13,0.66,0.902,1.244,0.38
6.30,2.96,1.21,1.840,1.930,0.11
16.97,6.19,0.50,1.600,2.420,0.98
9.32,3.37,0.93,1.143,1.283,0.17
15.40,6.72,0.61,0.757,0.917,0.21
1.13,2.11,3.90,0.718,3.601,1.19
11.60,2.44,0.67,1.640,1.780,0.22
2.25,3.98,6.51,3.933,24.730,12.55
6.66,4.31,2.24,3.056,23.280,35.99
4.74,2.53,1.17,2.680,3.319,1.64
3.31,2.24,1.44,9.221,11.387,11.11
5.00,4.00,3.06,3.562,18.560,34.73
0.27,1.14,5.06,7.877,18.568,30.26
12.89,2.70,0.63,1.164,1.243,0.25
14.90,3.25,0.75,0.973,1.414,0.56
37.72,3.93,0.37,0.744,0.965,0.26
16.49,4.48,0.81,6.553,7.649,3.20
4.12,3.97,2.25,1.784,1.893,0.14
7.59,3.55,1.31,1.146,1.226,0.14
4.85,1.77,0.70,0.714,0.894,0.20
12.01,5.52,0.87,0.778,0.963,0.18
12.70,5.64,1.33,4.136,5.971,3.10
10.20,3.64,1.16,5.058,6.140,2.30
9.38,4.88,1.24,8.040,2.888,89.99
2.28,2.43,2.54,16.103,16.310,1.94
9.04,8.28,1.54,4.224,6.312,2.88
12.85,5.40,0.96,3.524,5.387,2.75
38.30,6.00,0.38,0.783,0.823,-0.05
18.70,4.39,0.42,1.066,1.521,0.56
7.46,1.45,0.48,1.220,1.590,0.11
11.62,2.60,0.62,1.219,1.031,0.22
4.20,4.50,3.18,2.003,2.052,0.01
5.98,4.22,2.12,1.179,1.204,-0.13
1.03,2.21,6.29,3.293,3.396,-0.04
2.82,2.93,3.03,2.101,2.168,-0.01
4.84,6.48,2.85,0.960,1.000,-0.04
3.64,4.95,2.91,2.299,2.284,0.02
11.90,5.41,1.03,10.607,11.741,71.03
2.87,2.70,2.99,9.249,12.440,4.03
1.24,2.32,5.91,9.166,13.157,12.75
4.12,2.68,2.20,7.308,11.914,14.91
0.62,1.93,5.36,8.285,11.670,11.82
3.33,3.95,2.69,6.000,10.058,12.05
1.97,1.20,1.49,4.290,8.360,12.11
16.60,4.59,0.55,0.901,0.997,0.16
6.33,2.41,1.02,1.610,1.730,0.17
12.50,4.71,0.77,2.606,1.417,0.18
9.82,4.34,0.47,0.809,1.031,0.22
8.99,4.27,1.06,0.839,1.029,0.22
10.30,4.12,0.89,1.818,1.970,0.22
10.70,1.62,1.31,1.544,1.574,-0.06
40.90,4.91,0.75,2.010,2.080,0.02
21.70,3.10,0.49,2.474,2.599,-0.01
28.10,7.70,0.64,1.088,1.146,0.09
5.59,1.37,0.74,2.896,4.798,5.54
25.70,4.67,0.53,0.779,0.826,0.05
22.60,5.74,0.69,1.001,1.042,0.11
9.29,5.15,1.30,11.350,9.840,0.97
8.69,3.69,0.50,1.547,1.660,0.13
7.45,3.94,0.56,0.831,0.868,0.05
10.80,4.83,0.95,1.075,1.835,1.00
5.42,4.40,1.04,2.810,3.070,1.88
10.30,3.24,0.52,2.746,2.665,1.97
6.86,5.46,0.92,4.453,3.873,1.79
8.52,2.61,0.71,3.837,3.624,1.72
13.40,5.88,0.45,1.940,2.200,0.59
15.10,3.00,0.36,1.516,1.793,0.67
13.40,4.12,0.42,2.243,2.442,0.63
11.70,4.70,0.47,1.909,2.167,0.57
1.36,4.05,7.97,2.955,3.268,0.66
14.90,4.95,0.49,1.133,1.234,0.16
31.50,3.20,0.70,1.100,1.700,0.67
26.10,4.98,0.52,0.807,1.175,0.41
31.30,7.40,0.47,0.792,0.993,0.24
2.50,2.03,5.17,0.986,1.245,0.33
3.64,2.92,2.67,1.228,1.534,0.35
7.05,5.77,1.18,0.906,1.209,0.34
21.30,5.13,0.58,0.032,0.044,0.00
2.54,2.37,1.76,2.003,3.302,0.34
19.20,4.96,0.62,1.197,1.548,0.45
23.80,5.81,0.56,0.782,1.100,0.36
0.02,1.21,1.17,3.521,2.178,-5.66
8.16,3.50,1.26,1.750,1.930,0.26
17.60,6.51,0.44,0.887,0.061,0.21
2.01,1.63,0.93,1.723,1.979,0.27
36.80,6.47,0.20,0.756,0.314,0.47
31.00,5.50,0.23,0.931,1.251,0.45
25.90,3.87,0.21,0.535,0.962,0.66
0.66,2.43,8.21,15.297,19.050,6.45
6.84,2.06,0.54,0.793,1.178,0.46
17.90,5.21,0.50,1.559,1.184,0.16
5.74,6.52,1.46,1.840,2.001,0.22
12.40,4.98,0.76,0.945,1.066,0.17
4.66,2.01,0.61,0.542,0.593,0.10
7.24,2.39,0.46,0.570,0.659,0.10
6.43,1.84,0.49,0.520,0.605,0.14
2.11,2.20,1.65,0.579,0.666,0.09
5.31,2.27,0.50,0.537,0.573,0.05
14.80,6.10,1.33,1.760,1.990,0.10
5.56,4.00,2.87,1.480,1.540,-0.04
38.00,4.57,0.25,1.300,1.400,1.03
16.90,3.75,0.49,2.100,1.880,0.38
19.48,3.05,0.82,2.273,1.597,0.41
12.30,2.94,1.13,0.786,0.815,-0.04
8.91,4.02,1.92,1.682,2.446,0.49
3.93,1.23,0.31,0.311,0.375,0.07
14.40,4.91,1.17,6.282,7.129,3.26
21.70,4.11,0.70,0.987,1.138,-0.04
23.10,3.60,0.65,1.006,1.226,0.07
5.84,4.98,0.89,1.099,1.972,0.21
1.45,3.58,1.03,3.365,1.266,0.35
2.34,2.13,0.79,1.799,1.947,0.29
24.50,5.78,0.49,0.708,0.748,-0.04
18.10,4.19,0.51,0.800,0.835,-0.11
3.25,1.38,0.69,1.030,1.100,0.06
4.97,2.38,0.36,0.661,0.775,0.11
201.00,4.91,0.75,2.010,2.083,0.02
27.80,3.29,0.61,1.561,1.648,0.00
37.40,3.39,0.43,1.153,1.212,0.11
31.40,2.58,0.47,0.953,1.024,0.06
25.00,6.94,0.58,0.682,1.110,0.50
16.30,4.12,0.81,3.785,5.700,6.21
16.40,4.12,0.81,3.785,5.701,6.21
5.41,2.64,2.22,3.529,5.187,4.57
5.31,2.60,2.04,3.685,5.158,4.63
10.60,3.77,1.24,2.969,4.783,3.87
11.21,3.53,1.08,1.017,1.297,0.33
23.50,4.14,0.60,1.093,1.584,0.60
57.10,3.19,0.66,1.140,1.570,0.54
7.20,7.45,2.40,4.161,4.774,1.04
6.73,5.34,2.04,5.880,9.320,3.68
18.60,5.46,0.63,0.575,0.813,0.15
6.87,2.00,1.63,1.940,2.690,1.04
23.20,6.52,0.82,0.672,0.843,0.10
6.03,7.05,2.67,2.952,3.611,0.63
9.60,4.56,1.65,1.670,1.840,0.11
33.40,5.65,0.39,0.782,0.928,0.18
18.80,7.16,0.93,4.020,1.550,32.00
19.24,3.47,1.85,2.253,3.169,0.70
26.60,7.76,0.18,0.534,0.696,0.15
31.30,7.01,0.18,0.552,0.534,0.03
23.30,6.64,0.24,1.091,1.085,0.08
34.00,3.78,0.26,0.735,0.972,0.32
45.80,5.07,0.21,0.464,0.681,0.28
12.60,1.79,0.61,1.076,1.269,0.26
10.40,1.28,0.33,0.723,0.908,0.18
6.08,1.73,0.48,0.736,1.062,0.34
6.19,2.54,1.00,0.772,1.026,0.28
11.30,4.23,0.65,1.017,1.310,0.32
37.80,7.89,0.41,3.414,5.805,4.41
6.16,1.54,0.62,3.770,5.220,2.79
8.57,2.90,0.86,4.075,4.620,1.50
14.20,7.96,0.50,1.104,1.441,0.48
9.95,5.55,0.77,1.261,1.577,0.48
1.19,1.52,2.81,1.340,1.570,0.24
17.50,5.71,0.53,1.169,1.372,0.60
1.10,2.21,1.92,3.906,7.193,10.64
3.45,3.28,3.10,4.289,5.696,1.70
4.23,3.19,1.51,2.025,2.351,0.51
21.30,5.52,0.63,1.250,1.615,0.32
29.00,6.68,0.47,2.350,2.170,0.42
0.78,3.52,8.48,8.486,8.603,0.12
9.02,3.60,1.61,1.404,1.683,0.37
2.95,6.24,3.91,4.327,4.324,-0.10
9.32,4.21,2.20,0.965,0.976,0.01
9.55,2.27,0.31,1.102,1.465,0.44
31.10,5.79,0.21,0.815,1.198,0.58
13.20,2.06,0.42,0.645,1.769,1.42
25.10,2.36,0.32,0.637,1.738,1.44
1.27,4.92,8.03,1.600,2.227,0.66
5.63,2.44,1.21,1.140,1.810,0.72
1.88,4.52,3.60,3.540,4.200,0.86
1.92,3.64,3.06,4.141,4.246,0.15
3.90,3.71,1.95,2.200,2.730,0.56
6.16,2.53,1.83,1.479,1.931,0.93
2.56,4.08,3.97,1.246,2.290,1.23
1.55,1.59,3.68,1.614,2.100,0.78
23.30,3.38,0.61,3.074,3.260,1.77
20.60,3.17,0.59,1.296,1.621,0.79
0.90,2.62,6.50,1.940,3.312,1.63
1.73,3.08,4.42,2.070,3.741,4.37
3.14,4.70,2.66,0.959,1.505,0.57
4.68,5.24,0.93,1.531,2.034,0.67
2.64,6.39,1.23,1.700,2.167,0.59
31.80,4.50,0.26,1.330,1.059,0.33
28.90,4.80,0.29,0.438,0.630,0.25
24.50,4.55,0.33,0.356,0.651,0.40
26.00,4.43,0.30,0.729,3.126,3.11
18.69,5.46,0.46,0.951,3.464,3.37
3.87,1.32,0.51,0.982,3.215,2.77
3.94,2.96,1.56,1.315,3.872,3.32
18.69,5.46,0.46,0.951,3.460,3.38
9.98,1.37,0.42,0.930,3.168,2.92
15.10,3.08,0.49,0.792,2.536,2.41
6.34,2.24,0.89,1.210,1.340,0.13
11.70,9.17,0.97,1.864,0.828,0.20
20.80,5.84,0.53,1.592,1.604,0.10
12.77,2.41,0.56,1.012,1.047,0.05
4.31,1.17,0.49,0.836,0.870,0.04
24.10,1.82,0.25,0.566,0.593,0.04
16.30,4.78,0.58,0.809,0.907,0.08
23.50,6.40,0.46,0.796,0.832,0.06
22.70,7.03,0.47,0.726,0.756,0.04
5.95,1.30,0.39,0.499,1.399,0.04
24.70,6.62,0.43,1.546,1.568,0.06
17.20,3.86,0.42,1.154,1.211,0.07
9.27,4.66,0.89,1.278,1.331,0.04
2.73,2.44,1.54,2.050,2.420,0.50
6.30,4.04,1.50,1.440,1.922,0.60
2.94,3.49,1.82,1.660,2.110,0.56
26.40,8.96,0.58,1.812,2.142,0.99
1.26,4.23,4.29,3.244,3.430,0.75
3.48,5.80,2.10,2.826,3.538,1.57
5.78,7.11,1.33,2.825,3.571,1.84
4.09,2.88,1.82,1.739,1.985,0.49
14.07,4.02,0.71,0.779,1.474,0.90
32.04,6.96,0.35,0.784,1.330,0.66
9.66,5.23,0.68,5.975,5.346,2.28
4.31,2.68,1.08,6.872,6.447,2.80
10.80,4.93,0.57,5.158,5.173,2.40
5.36,1.66,0.69,9.618,7.894,5.05
5.22,3.65,0.80,10.048,8.380,4.26
4.95,2.67,0.78,9.806,8.238,4.11
18.60,4.08,0.42,0.839,0.942,0.18
18.60,4.08,0.42,0.839,0.942,0.47
3.34,6.51,1.80,5.640,6.400,1.82
19.40,3.64,0.43,4.194,4.246,2.08
7.54,1.62,0.51,3.949,4.027,1.68
6.49,1.75,0.96,4.534,4.496,1.79
1.36,1.13,0.49,3.730,3.810,1.46
33.40,11.30,0.36,1.417,1.086,0.14
1.10,1.89,4.12,0.105,0.052,0.00
9.90,4.51,0.53,0.923,1.019,0.12
8.69,5.98,0.51,0.896,1.002,0.13
9.77,5.09,0.62,1.750,2.391,0.82
5.35,3.93,0.39,1.404,2.049,0.80
5.95,2.78,1.05,7.158,5.922,2.36
7.82,4.85,1.10,1.218,1.318,0.15
10.40,3.55,0.59,0.612,0.818,0.29
15.40,3.45,0.35,1.041,1.401,0.50
12.17,3.53,0.56,0.879,0.934,0.09
3.56,2.82,1.83,0.034,0.070,0.00
6.36,4.60,1.09,1.587,2.188,0.74
6.60,4.78,0.96,1.394,1.648,0.37
3.96,4.00,1.53,1.638,1.923,0.33
1.61,4.85,2.91,3.353,3.751,0.49
3.40,5.32,1.55,2.109,2.391,0.35
7.50,3.61,0.85,0.672,1.214,0.62
7.58,2.68,0.73,0.654,1.315,0.77
7.70,6.27,0.95,0.777,1.470,0.77
3.98,2.48,0.96,0.839,1.567,0.72
9.44,6.57,0.73,7.900,6.700,1.63
1.73,1.45,0.75,5.730,5.329,1.13
22.40,6.57,0.27,0.429,1.277,0.98
25.60,7.41,0.31,0.773,1.777,1.21
19.92,2.40,0.27,0.647,1.759,1.40
35.80,5.85,0.21,0.384,0.604,0.27
41.00,5.56,0.20,0.692,0.566,0.17
27.80,4.74,0.29,0.436,0.597,0.19
2.87,2.82,2.70,5.219,5.206,-0.70
3.69,4.31,2.06,4.974,4.923,-0.57
7.52,5.89,1.45,2.062,2.147,0.07
6.11,3.24,1.49,1.560,1.690,0.14
32.90,3.38,0.40,0.687,0.813,0.14
0.97,1.29,0.85,1.580,1.463,0.01
3.99,8.49,0.48,1.118,1.221,0.15
6.94,2.24,0.57,1.993,2.094,0.15
14.00,5.67,0.43,1.261,2.180,1.40
9.30,4.12,0.72,1.069,1.773,0.90
1.34,3.66,9.68,3.532,3.943,0.16
1.72,4.22,8.93,2.728,3.005,0.11
2.01,4.42,6.18,2.817,2.989,-0.05
4.14,4.78,2.78,1.960,2.260,0.22
8.28,2.40,1.55,2.080,2.099,0.05
2.13,2.99,2.98,11.401,22.900,31.36
2.86,5.22,2.93,8.840,20.730,32.48
7.94,2.61,1.94,5.569,18.370,34.64
6.81,4.26,1.86,2.850,17.500,22.02
9.01,3.22,0.80,0.975,1.028,0.18
11.60,3.81,0.61,1.010,1.070,0.18
1.14,1.30,2.05,3.030,3.550,0.65
5.50,4.75,1.51,2.454,2.882,0.48
7.34,1.92,1.35,1.392,1.794,0.44
4.60,5.10,1.28,0.960,1.420,0.60
10.70,2.60,0.33,0.740,0.946,0.34
1.69,2.63,2.37,1.540,2.210,0.80
8.27,5.92,0.83,0.664,1.092,0.46
7.70,6.03,0.95,0.772,1.289,0.64
0.55,2.62,7.80,1.470,2.620,1.22
0.87,3.47,6.70,1.540,2.910,1.32
2.39,4.08,4.13,1.436,3.060,1.80
5.18,4.53,1.41,7.554,8.568,2.14
10.50,4.40,0.89,4.654,4.840,1.82
9.01,3.82,0.74,4.550,4.710,1.80
10.30,6.94,0.77,4.482,4.740,1.79
4.57,6.13,1.59,4.584,5.898,2.64
5.54,5.59,1.25,4.562,5.884,2.55
7.76,6.86,0.91,4.163,5.272,2.36
34.50,2.04,3.30,5.168,4.936,1.33
3.98,2.41,1.93,2.786,3.279,0.83
1.01,1.29,1.67,10.046,9.256,2.86
3.14,2.14,0.98,0.024,0.025,2.53
1.33,2.10,1.04,0.025,0.025,0.35
30.30,3.98,0.20,0.717,1.232,0.65
10.80,5.60,0.59,1.157,1.634,0.58
3.01,2.63,0.81,0.732,0.851,0.11
14.80,5.22,0.55,0.476,0.556,0.11
7.26,4.44,1.02,0.805,0.925,0.17
5.06,2.45,0.89,2.770,3.600,1.66
15.30,4.38,1.11,1.110,1.720,1.04
18.26,2.61,0.47,0.939,1.198,0.47
11.81,3.03,0.73,1.216,1.604,0.49
1.38,4.34,0.96,1.347,2.395,1.56
1.49,3.59,2.41,0.946,2.384,2.15
22.30,3.16,0.21,0.546,0.793,0.12
6.49,1.68,0.30,0.511,0.645,0.14
9.39,5.05,0.77,1.131,2.247,1.43
16.40,4.89,0.45,0.802,1.726,1.17
11.20,4.54,0.54,1.563,3.040,2.17
2.34,3.15,2.35,3.170,3.850,1.42
6.37,4.15,0.92,3.710,5.390,3.09
4.92,2.07,0.73,4.956,4.635,1.64
12.95,2.67,0.12,4.699,3.954,1.95
3.96,2.84,1.01,1.835,2.005,0.26
13.10,3.42,0.43,0.532,0.588,0.07
26.10,5.86,0.29,0.523,0.574,0.09
8.56,4.65,0.77,0.640,0.695,0.07
22.70,3.48,0.54,1.760,1.980,0.39
4.08,1.46,0.27,0.911,1.286,0.64
13.80,4.62,0.51,0.422,0.466,0.05
14.80,4.48,0.51,1.173,1.557,0.72
7.48,4.52,0.35,1.235,1.811,0.74
48.00,5.12,0.94,1.264,1.853,0.78
5.55,1.34,0.39,1.260,1.950,0.88
7.32,1.61,0.29,0.934,1.544,0.76
9.82,1.49,0.30,1.254,1.640,0.46
13.09,5.62,0.52,1.656,2.404,0.90
8.18,1.51,0.64,1.011,1.803,0.99
8.56,5.30,0.61,1.028,1.309,0.34
11.80,5.17,0.50,0.909,1.555,0.84
11.80,5.17,0.50,0.909,1.555,0.84
6.52,4.69,0.82,1.231,1.757,0.62
1.43,4.68,3.10,2.280,2.410,0.16
11.10,3.88,0.98,0.861,0.967,0.10
10.56,4.66,1.01,0.857,1.014,0.17
27.90,4.99,0.40,0.530,0.693,0.15
11.60,3.60,0.85,0.802,0.865,0.05
24.10,3.63,0.36,0.533,0.568,0.04
36.50,2.72,0.40,0.612,0.652,0.06
10.50,2.29,0.81,0.612,0.652,0.06
7.79,5.69,0.98,2.087,2.254,1.22
7.84,4.89,0.89,0.872,1.255,0.61
12.00,4.06,0.75,6.074,6.190,3.30
5.50,1.73,0.76,6.072,6.267,3.75
13.30,3.31,0.59,5.693,5.637,2.70
8.52,1.13,0.70,5.855,5.727,1.42
6.73,2.08,0.51,0.646,0.895,0.27
6.34,1.91,0.53,0.640,0.938,0.32
3.09,2.88,1.02,1.371,1.571,-0.30
3.93,2.86,1.23,1.240,1.920,0.94
3.39,2.33,1.13,1.150,1.650,0.67
2.14,4.21,2.01,4.153,4.619,0.65
4.14,1.49,0.28,0.495,0.525,0.14
2.35,2.18,1.44,0.763,0.796,0.05
10.80,3.29,0.94,0.612,0.624,0.06
5.04,1.71,1.01,1.058,1.062,0.13
4.78,2.50,1.69,0.865,0.949,0.11
12.60,2.24,0.61,1.060,1.081,0.19
33.00,2.91,0.36,1.150,1.052,0.90
4.42,6.94,1.38,3.444,10.471,9.95
15.30,2.94,0.52,0.829,0.866,57.00
10.40,3.98,0.49,0.925,1.246,0.50
7.10,4.59,0.77,1.638,2.125,0.63
6.15,4.82,0.93,1.696,2.201,0.65
6.05,4.77,0.75,0.620,0.650,0.06
8.58,5.24,0.55,0.909,0.979,0.08
4.79,2.21,0.61,3.247,3.686,2.51
7.13,3.76,1.04,0.708,1.881,1.62
13.40,2.32,0.28,-4.058,-3.770,3.70
1.58,0.99,0.30,0.893,1.986,7.45
34.90,5.73,0.22,0.644,2.888,2.91
5.00,0.93,0.32,0.766,2.704,2.52
19.20,2.13,0.28,0.692,1.662,2.53
15.70,1.88,0.28,0.648,2.797,2.65
0.15,4.42,1.71,3.740,4.303,0.57
18.60,5.07,0.40,2.570,2.940,0.76
15.10,3.06,0.39,2.490,2.810,0.79
17.75,4.65,0.46,0.884,1.277,0.47
16.80,4.25,0.46,0.875,1.243,0.43
9.72,3.87,0.62,0.759,1.210,0.63
0.92,2.15,3.62,5.492,5.354,1.74
1.86,1.73,1.39,3.703,4.548,1.80
7.50,1.55,0.31,0.480,0.634,0.17
5.25,1.86,0.36,8.345,3.837,0.86
10.30,1.61,0.34,0.523,0.717,0.22
10.38,2.04,0.30,0.525,0.685,0.20
13.30,3.72,0.75,1.777,2.359,0.96
8.82,2.86,1.00,0.808,1.700,1.15
24.20,1.83,0.26,0.915,1.190,0.36
32.50,3.94,0.27,1.420,1.720,0.36
4.38,2.40,0.75,2.730,2.780,0.04
5.94,6.49,0.60,3.036,2.996,0.81
5.42,2.50,0.43,3.314,3.294,1.08
6.38,5.05,0.50,2.720,2.790,0.58
2.04,1.64,0.63,2.737,2.755,0.64
13.00,3.39,0.26,8.456,6.615,2.27
9.96,5.10,0.41,0.617,1.008,0.28
5.57,3.69,0.61,0.787,1.300,0.45
7.31,4.30,0.42,8.836,6.614,2.19
5.21,4.24,0.97,1.101,1.375,0.32
21.30,7.69,0.61,4.880,5.590,2.39
4.87,2.59,0.69,0.798,0.969,0.21
27.90,4.78,0.35,0.661,0.998,0.49
27.90,4.78,0.35,0.660,0.990,0.49
8.16,2.80,0.70,1.220,1.750,0.90
4.69,5.11,1.55,1.212,1.454,0.33
13.94,6.40,0.35,0.634,0.882,0.25
9.42,6.35,0.51,0.624,0.700,0.10
38.60,3.06,0.57,1.310,1.510,0.39
11.50,5.04,0.63,2.065,0.284,0.21
7.13,3.41,1.63,1.180,1.714,0.67
1.27,3.51,5.36,1.935,2.506,0.78
4.34,2.46,1.09,1.480,1.630,0.20
10.70,5.79,0.42,0.563,0.720,0.18
7.49,1.59,0.41,1.570,1.847,0.41
13.80,5.21,0.63,4.834,5.661,3.12
11.20,5.98,0.68,5.616,5.850,2.92
6.52,3.42,0.68,1.281,1.410,0.15
7.16,6.00,0.82,0.835,1.142,0.42
3.62,4.21,1.41,1.800,1.960,0.20
3.24,5.30,1.58,2.487,2.285,0.87
2.24,5.24,2.75,1.330,2.220,0.82
0.67,3.04,5.49,1.991,2.981,0.88
2.15,3.37,2.66,1.670,2.140,0.51
9.63,1.77,0.27,5.791,5.121,3.14
6.50,1.66,0.38,5.988,5.297,3.61
12.40,4.62,0.34,3.110,2.980,0.80
7.56,5.08,0.58,7.993,7.465,5.49
3.50,5.28,1.12,3.732,3.618,0.69
8.70,5.68,0.47,6.044,5.332,2.93
6.20,3.30,3.13,2.970,3.080,0.11
12.60,4.75,0.81,0.772,0.839,0.06
21.10,5.49,0.45,0.529,0.587,0.08
12.70,5.35,0.72,0.852,0.911,0.11
8.40,3.85,0.99,1.073,1.418,0.40
18.80,7.01,0.48,0.693,1.028,0.40
10.70,4.39,1.94,2.122,2.230,0.14
0.78,1.71,3.60,3.700,3.970,0.23
0.17,1.94,3.92,3.299,3.467,0.12
2.09,1.30,3.00,2.880,2.950,0.11
6.18,3.48,2.96,3.065,3.080,0.11
2.90,1.30,3.00,2.888,2.950,0.10
24.60,3.17,0.37,1.729,0.657,0.05
13.20,1.61,0.42,0.466,0.500,0.04
49.40,4.32,0.24,0.350,0.404,0.05
6.98,1.81,0.30,0.560,0.589,0.09
7.60,1.59,0.96,1.604,1.564,0.10
7.61,5.69,1.01,1.502,1.787,0.59
10.31,4.99,0.71,0.915,1.197,0.27
7.21,6.47,1.10,1.226,1.767,0.62
5.33,2.16,0.78,0.947,1.194,0.30
6.52,1.64,0.38,0.563,0.806,0.29
4.38,3.34,1.39,1.779,1.905,0.29
9.98,1.56,0.24,0.439,0.624,0.25
7.06,6.01,0.65,1.358,1.710,0.45
8.80,7.54,0.38,1.270,1.300,-0.14
3.33,2.57,0.80,1.460,1.680,0.38
3.22,4.09,0.87,3.268,3.270,0.69
2.38,2.76,0.96,2.480,2.470,0.33
4.09,4.79,0.91,5.965,5.264,2.36
6.25,3.75,0.46,3.920,3.320,0.57
7.87,5.07,0.60,4.667,4.033,0.53
9.95,5.20,0.50,1.447,1.666,0.39
2.16,2.56,1.34,1.836,2.121,0.43
5.92,5.43,0.75,1.494,1.700,0.34
9.63,5.86,0.35,1.190,1.309,0.37
15.00,5.38,0.99,2.617,2.788,0.55
4.29,2.04,0.55,2.308,2.432,0.44
10.58,1.91,0.64,2.431,2.597,0.55
6.94,3.02,0.74,0.778,2.480,2.22
21.90,3.39,0.30,0.599,1.939,1.74
35.60,6.20,0.20,0.519,2.150,2.25
5.91,2.44,0.37,10.800,9.720,6.99
5.56,5.59,0.53,8.455,6.261,2.04
6.19,7.79,0.58,9.020,6.520,2.27
3.54,3.31,0.63,2.042,2.194,0.40
9.60,6.32,0.33,1.677,1.774,0.33
7.78,4.01,0.53,1.995,2.460,1.51
6.09,4.99,0.46,10.516,9.739,6.86
0.61,1.85,2.00,11.958,10.237,5.21
2.90,4.47,0.97,10.185,10.542,6.32
5.74,3.59,0.70,1.896,2.408,1.59
9.23,4.81,0.64,3.412,5.649,3.84
7.01,3.23,0.78,3.531,5.378,3.26
1.11,1.14,0.71,3.590,5.779,3.75
12.25,6.35,0.46,3.520,5.480,3.50
18.81,5.46,0.47,4.550,4.488,1.48
8.50,5.23,1.00,1.260,1.310,0.06
5.56,2.54,0.43,0.961,1.132,0.27
3.48,2.78,0.58,1.080,1.171,0.22
7.31,1.86,0.33,0.842,1.098,0.32
22.80,4.65,0.38,0.695,0.828,0.16
4.74,3.32,1.12,2.464,2.638,0.65
3.28,2.17,0.67,1.970,2.200,0.68
14.80,5.51,0.72,1.920,3.360,3.43
0.21,1.61,0.57,1.330,1.579,0.34
4.85,2.78,0.52,1.030,1.220,0.19
1.09,1.65,1.31,3.666,3.602,-0.02
0.88,2.03,1.24,3.040,3.024,0.02
8.04,6.36,0.50,0.821,0.976,0.05
6.36,4.73,0.57,1.070,1.286,0.44
8.34,6.29,0.49,1.026,1.538,0.81
6.43,5.41,0.63,1.048,1.601,0.93
0.85,15.10,5.52,1.030,1.409,0.58
8.31,5.89,0.44,0.999,1.131,0.37
4.15,4.12,0.86,0.896,1.075,0.27
20.85,5.80,0.36,0.878,1.930,1.28
10.10,5.17,0.31,1.227,2.205,1.21
4.60,1.74,0.78,0.942,1.727,0.99
2.70,2.07,0.73,0.959,1.736,1.04
3.91,2.37,0.86,1.020,1.419,0.47
5.69,3.74,0.99,1.260,1.668,0.53
7.05,3.15,0.62,1.009,1.420,0.49
6.52,3.14,0.85,1.505,1.607,0.13
5.44,2.88,0.96,1.278,1.396,0.15
4.21,2.08,0.75,1.270,1.360,0.13
7.52,3.05,0.63,0.994,1.106,0.16
3.12,4.97,1.19,1.831,1.904,0.14
1.27,2.60,8.40,3.162,3.805,0.77
3.41,5.86,3.42,1.973,2.240,0.32
2.96,4.96,1.26,1.981,2.076,0.13
8.45,2.87,0.62,1.020,2.110,1.34
4.38,2.27,1.04,1.406,2.483,1.27
12.70,1.34,0.43,0.816,0.996,0.23
1.49,3.21,1.50,1.939,2.051,0.16
3.99,2.89,1.52,2.886,3.066,0.16
4.46,3.70,1.22,1.128,1.826,0.86
3.01,3.54,0.96,1.523,1.696,-0.06
5.78,5.33,0.63,1.005,1.161,0.20
5.70,4.14,0.56,1.816,1.484,0.21
6.58,4.68,0.49,1.338,1.217,-0.07
5.08,2.07,0.32,0.476,0.478,0.04
5.07,2.86,0.54,0.857,0.967,0.13
7.86,4.05,0.60,0.911,1.041,0.14
4.69,1.46,0.39,0.477,0.560,0.10
22.40,4.01,0.35,1.081,0.835,0.07
18.62,5.31,0.28,0.703,0.759,0.06
7.41,8.28,0.45,0.840,1.805,1.16
5.45,8.62,0.78,1.818,2.316,0.61
12.40,3.61,0.31,0.704,1.409,0.92
4.60,2.03,1.42,0.964,1.696,0.90
11.30,4.56,0.42,0.664,1.680,1.31
6.28,3.89,0.75,0.994,1.794,1.03
7.90,4.64,0.59,0.731,1.821,1.37
11.20,3.65,0.43,1.119,1.913,1.39
2.62,2.51,1.41,1.006,2.127,1.46
4.86,3.45,0.98,1.141,2.243,1.37
7.90,4.64,0.59,0.731,1.820,1.37
4.09,3.86,0.89,1.240,1.630,0.60
6.26,1.96,0.49,0.915,1.739,1.11
3.13,2.59,1.07,1.078,2.010,1.24
9.10,3.26,0.50,0.745,1.570,1.08
6.26,1.96,0.49,0.915,1.739,1.11
11.40,3.15,0.46,0.752,1.405,0.79
17.75,4.63,0.30,0.758,1.443,0.91
5.71,3.86,0.82,1.463,1.921,0.74
3.27,3.75,1.22,1.122,1.705,0.86
2.85,5.28,1.52,1.214,1.885,0.84
4.90,3.58,0.83,0.769,1.408,0.80
2.85,5.28,1.52,1.210,1.880,0.84
11.10,6.03,0.73,0.713,1.264,0.68
5.43,5.17,1.32,3.126,1.951,0.10
10.30,4.27,0.69,1.425,1.599,0.16
1.70,2.49,0.78,1.300,1.352,0.09
4.89,4.06,0.61,1.019,1.192,0.29
0.76,2.08,0.67,1.290,1.368,0.17
9.36,5.68,0.38,0.680,0.692,-0.10
7.13,4.02,0.46,0.725,0.779,-0.89
4.93,3.04,1.40,1.460,1.710,0.38
13.60,3.68,0.45,0.899,1.118,0.29
2.10,6.63,1.35,1.792,2.096,0.16
2.32,5.91,1.32,1.787,1.976,0.24
5.30,5.82,0.56,1.626,1.808,0.23
19.10,3.23,0.30,1.090,1.230,0.21
12.10,2.99,0.40,0.726,1.343,0.75
15.70,4.23,0.35,0.771,1.358,0.74
10.60,2.47,0.21,0.687,1.060,0.42
9.01,7.36,0.62,1.104,1.253,0.18
3.24,2.26,0.67,3.785,4.029,0.35
5.09,1.19,0.35,0.744,1.120,0.42
12.20,6.28,0.49,0.895,1.175,0.38
9.11,6.85,0.68,1.543,4.968,4.54
0.09,1.52,1.34,2.339,2.665,0.95
12.10,2.64,0.33,0.751,0.961,0.14
4.11,3.59,1.23,0.937,1.729,1.03
0.58,1.04,1.43,6.220,5.630,1.50
9.27,2.20,0.37,6.535,8.472,4.47
8.93,4.14,1.01,0.741,4.803,6.75
1.11,2.12,2.75,7.872,7.899,1.11
6.75,4.67,0.71,1.374,1.598,0.43
0.88,1.52,1.34,2.339,2.665,0.95
9.28,3.66,0.55,0.525,0.882,0.38
6.85,5.34,2.66,2.381,2.412,-0.05
10.20,4.18,1.93,1.645,1.724,0.03
4.88,2.99,2.94,3.380,3.590,0.25
25.60,2.21,0.47,4.120,4.780,3.59
3.79,3.10,2.00,4.928,5.616,5.35
7.78,2.24,0.41,4.274,5.052,4.59
5.58,3.11,0.81,0.961,1.364,0.52
13.40,3.92,0.38,0.730,0.818,0.09
12.30,4.04,0.55,1.315,1.483,0.18
13.50,3.19,0.51,4.315,5.012,4.05
12.89,5.28,0.46,0.584,0.602,0.02
1.48,1.78,0.41,0.591,0.969,0.56
3.16,5.97,1.69,0.962,0.964,0.05
5.98,2.18,0.45,0.679,0.760,0.10
0.10,1.24,0.44,0.995,1.148,0.19
0.07,1.97,0.50,0.908,1.144,0.29
3.05,3.21,1.56,1.410,1.580,0.29
10.00,4.63,0.54,1.116,1.277,0.26
8.12,2.25,0.83,1.386,1.559,0.26
18.14,4.19,0.30,0.829,0.998,0.23
18.14,4.19,0.30,0.829,0.998,0.23
11.60,5.17,0.42,1.020,1.155,0.19
2.16,5.23,1.58,3.940,5.659,3.01
3.50,5.80,1.04,3.840,5.380,2.58
2.80,4.72,1.12,3.930,5.480,2.78
6.39,1.94,0.26,0.559,0.840,0.38
2.31,2.34,0.56,0.765,0.860,0.16
3.00,2.24,0.79,1.373,1.511,0.17
1.90,2.00,0.69,0.784,0.880,0.12
5.63,7.26,0.66,4.298,5.152,2.28
3.28,2.20,0.59,4.000,4.700,2.42
5.63,7.26,0.66,4.298,5.152,2.29
5.77,5.98,0.64,4.097,4.758,1.96
2.85,3.61,0.62,0.066,0.070,1.26
10.90,4.71,0.79,4.834,4.178,1.80
11.09,5.12,0.22,3.037,3.806,1.09
2.11,2.43,0.53,0.045,0.054,1.26
0.13,1.21,2.49,1.836,1.915,0.11
2.60,2.26,0.70,1.157,1.389,0.26
3.16,3.51,0.73,1.695,1.848,0.20
5.83,4.17,0.40,5.508,5.084,0.01
11.10,7.54,0.23,4.906,4.431,0.72
8.95,4.43,0.39,5.032,4.671,0.69
12.30,5.91,0.50,0.804,0.928,0.16
9.78,5.05,0.57,1.098,1.195,0.23
8.84,7.30,0.65,0.933,1.000,0.19
6.46,31.46,0.84,1.237,1.474,0.29
6.06,7.07,0.97,1.762,1.924,0.23
4.43,5.86,1.31,1.528,1.752,0.00
16.20,6.85,0.28,1.824,1.936,0.20
3.23,6.96,1.26,8.570,5.180,0.90
5.52,5.91,0.94,2.476,2.916,0.41
6.45,6.96,0.83,2.330,2.600,0.00
8.46,5.50,0.62,0.871,1.000,0.15
0.29,1.72,0.61,1.685,1.837,0.14
2.93,7.66,1.01,2.172,1.924,0.03
8.24,7.73,0.39,1.813,1.920,0.15
5.83,5.62,0.44,0.572,0.559,0.01
5.03,5.07,0.46,0.529,0.543,0.01
2.58,5.99,0.74,0.994,0.980,0.10
7.37,4.29,0.25,0.417,0.406,0.04
5.57,4.94,0.34,0.407,0.405,0.03
4.56,3.86,0.48,1.360,0.690,3.12
14.30,4.20,0.23,0.532,0.546,0.00
1.93,4.26,1.24,1.343,1.570,0.38
6.38,5.99,0.39,1.620,1.740,0.26
4.17,4.53,0.56,1.369,1.469,0.23
1.77,3.77,1.36,2.129,2.201,0.01
4.29,7.11,0.55,0.746,1.277,0.66
30.20,2.32,0.42,1.550,1.310,0.10
2.49,5.85,0.49,0.971,1.070,0.13
7.38,4.01,0.55,5.686,5.151,3.50
1.65,3.38,1.65,1.489,2.171,0.70
3.32,5.89,0.89,0.583,0.622,0.06
3.02,6.76,0.68,1.216,1.265,0.04
3.04,6.99,0.67,0.538,0.581,0.04
5.56,5.45,0.48,0.506,0.535,0.06
10.70,7.38,0.33,0.437,0.475,-0.11
6.50,5.39,0.45,0.508,0.538,-0.22
6.30,6.97,0.44,0.527,0.572,-0.04
41.90,2.84,0.55,1.070,1.130,-0.03
7.13,3.97,3.75,-1.502,0.059,-8.56
24.50,5.17,0.37,4.541,4.361,1.61
22.61,4.72,0.89,0.875,0.989,0.15
4.48,5.09,2.60,2.342,2.497,0.19
26.70,2.89,0.74,1.220,1.290,-0.02
19.20,4.87,0.37,2.443,2.288,1.33
1.52,1.74,6.24,2.360,2.490,0.02
19.70,4.43,1.06,4.894,7.179,3.90
13.00,2.38,1.50,5.850,7.030,2.82
23.70,7.14,0.86,2.337,4.170,1.71
0.30,1.28,7.39,6.624,6.539,0.16
4.76,3.26,9.22,4.110,4.290,0.18
7.54,4.75,1.43,2.460,3.254,1.86
3.24,1.62,1.38,1.346,2.839,1.78
4.22,5.66,0.66,1.409,1.800,0.34
5.71,4.55,1.59,3.440,3.420,0.04
28.40,5.08,0.33,0.461,2.199,3.04
7.01,3.92,0.33,0.635,0.651,0.02
1.49,3.67,1.97,1.023,1.127,-0.15
8.90,4.26,0.36,3.170,2.338,3.35
14.20,5.02,1.24,1.381,1.479,0.03
68.10,6.39,0.21,1.796,2.071,0.79
16.80,4.10,0.62,0.735,0.886,0.13
4.63,5.30,1.33,1.593,1.897,0.36
40.20,12.80,0.32,1.374,1.683,0.70